rewire_id,label_pred
sexism2022_english-11999,not sexist
sexism2022_english-9895,not sexist
sexism2022_english-11623,not sexist
sexism2022_english-19035,not sexist
sexism2022_english-895,not sexist
sexism2022_english-9656,not sexist
sexism2022_english-12064,not sexist
sexism2022_english-1602,not sexist
sexism2022_english-7039,not sexist
sexism2022_english-3399,not sexist
sexism2022_english-4749,not sexist
sexism2022_english-14356,not sexist
sexism2022_english-3311,not sexist
sexism2022_english-739,sexist
sexism2022_english-10510,not sexist
sexism2022_english-8207,not sexist
sexism2022_english-7679,not sexist
sexism2022_english-18028,not sexist
sexism2022_english-10787,sexist
sexism2022_english-7302,not sexist
sexism2022_english-15773,sexist
sexism2022_english-5012,not sexist
sexism2022_english-5728,not sexist
sexism2022_english-9082,not sexist
sexism2022_english-2821,not sexist
sexism2022_english-15012,not sexist
sexism2022_english-4586,not sexist
sexism2022_english-18170,not sexist
sexism2022_english-742,not sexist
sexism2022_english-6565,not sexist
sexism2022_english-8009,not sexist
sexism2022_english-1122,not sexist
sexism2022_english-18547,sexist
sexism2022_english-6425,not sexist
sexism2022_english-14157,not sexist
sexism2022_english-10001,sexist
sexism2022_english-3900,not sexist
sexism2022_english-12741,not sexist
sexism2022_english-17385,not sexist
sexism2022_english-17447,not sexist
sexism2022_english-8584,not sexist
sexism2022_english-14096,not sexist
sexism2022_english-12980,not sexist
sexism2022_english-12020,not sexist
sexism2022_english-19606,not sexist
sexism2022_english-16633,not sexist
sexism2022_english-19748,not sexist
sexism2022_english-13063,not sexist
sexism2022_english-19630,not sexist
sexism2022_english-15023,sexist
sexism2022_english-3623,not sexist
sexism2022_english-814,not sexist
sexism2022_english-3282,not sexist
sexism2022_english-10451,not sexist
sexism2022_english-8553,sexist
sexism2022_english-17476,not sexist
sexism2022_english-11590,not sexist
sexism2022_english-15213,not sexist
sexism2022_english-13520,not sexist
sexism2022_english-15941,sexist
sexism2022_english-2139,not sexist
sexism2022_english-9349,not sexist
sexism2022_english-8766,not sexist
sexism2022_english-587,sexist
sexism2022_english-514,sexist
sexism2022_english-9169,sexist
sexism2022_english-14287,not sexist
sexism2022_english-3699,not sexist
sexism2022_english-15761,not sexist
sexism2022_english-512,not sexist
sexism2022_english-17817,not sexist
sexism2022_english-18779,not sexist
sexism2022_english-15536,not sexist
sexism2022_english-13537,not sexist
sexism2022_english-14791,sexist
sexism2022_english-7758,not sexist
sexism2022_english-15001,not sexist
sexism2022_english-12208,not sexist
sexism2022_english-13279,not sexist
sexism2022_english-2383,not sexist
sexism2022_english-1214,not sexist
sexism2022_english-10293,not sexist
sexism2022_english-7628,not sexist
sexism2022_english-18543,not sexist
sexism2022_english-7997,sexist
sexism2022_english-19302,not sexist
sexism2022_english-9921,not sexist
sexism2022_english-14501,not sexist
sexism2022_english-2162,not sexist
sexism2022_english-11492,sexist
sexism2022_english-15180,not sexist
sexism2022_english-15646,sexist
sexism2022_english-4670,not sexist
sexism2022_english-17466,sexist
sexism2022_english-13107,not sexist
sexism2022_english-2894,not sexist
sexism2022_english-1245,not sexist
sexism2022_english-12306,not sexist
sexism2022_english-4479,not sexist
sexism2022_english-1229,sexist
sexism2022_english-12468,not sexist
sexism2022_english-16046,sexist
sexism2022_english-16360,not sexist
sexism2022_english-18961,not sexist
sexism2022_english-1179,sexist
sexism2022_english-14822,sexist
sexism2022_english-3704,not sexist
sexism2022_english-439,sexist
sexism2022_english-12288,not sexist
sexism2022_english-1174,not sexist
sexism2022_english-15084,not sexist
sexism2022_english-17759,not sexist
sexism2022_english-11620,not sexist
sexism2022_english-6008,not sexist
sexism2022_english-11865,not sexist
sexism2022_english-10474,not sexist
sexism2022_english-1000,not sexist
sexism2022_english-21,sexist
sexism2022_english-5502,not sexist
sexism2022_english-16293,sexist
sexism2022_english-1369,sexist
sexism2022_english-161,not sexist
sexism2022_english-13818,not sexist
sexism2022_english-3511,not sexist
sexism2022_english-17294,not sexist
sexism2022_english-7429,not sexist
sexism2022_english-3132,not sexist
sexism2022_english-2904,not sexist
sexism2022_english-4706,not sexist
sexism2022_english-16211,not sexist
sexism2022_english-4893,not sexist
sexism2022_english-16622,not sexist
sexism2022_english-1940,not sexist
sexism2022_english-9444,not sexist
sexism2022_english-12400,not sexist
sexism2022_english-16460,not sexist
sexism2022_english-18955,not sexist
sexism2022_english-11682,not sexist
sexism2022_english-2126,sexist
sexism2022_english-6313,not sexist
sexism2022_english-12925,not sexist
sexism2022_english-12039,not sexist
sexism2022_english-11870,not sexist
sexism2022_english-2297,not sexist
sexism2022_english-12847,not sexist
sexism2022_english-17382,not sexist
sexism2022_english-14982,not sexist
sexism2022_english-344,not sexist
sexism2022_english-16496,sexist
sexism2022_english-18924,not sexist
sexism2022_english-19253,sexist
sexism2022_english-8059,not sexist
sexism2022_english-12634,sexist
sexism2022_english-6180,sexist
sexism2022_english-7754,not sexist
sexism2022_english-12411,sexist
sexism2022_english-18027,not sexist
sexism2022_english-12122,not sexist
sexism2022_english-533,sexist
sexism2022_english-18060,not sexist
sexism2022_english-10181,not sexist
sexism2022_english-7159,not sexist
sexism2022_english-7646,sexist
sexism2022_english-5691,not sexist
sexism2022_english-1515,not sexist
sexism2022_english-10295,not sexist
sexism2022_english-15208,not sexist
sexism2022_english-8960,sexist
sexism2022_english-2196,not sexist
sexism2022_english-7771,not sexist
sexism2022_english-18335,not sexist
sexism2022_english-5272,not sexist
sexism2022_english-1052,sexist
sexism2022_english-2021,sexist
sexism2022_english-7590,not sexist
sexism2022_english-3978,not sexist
sexism2022_english-13049,not sexist
sexism2022_english-10683,not sexist
sexism2022_english-10886,not sexist
sexism2022_english-8911,not sexist
sexism2022_english-2788,not sexist
sexism2022_english-12489,not sexist
sexism2022_english-7307,not sexist
sexism2022_english-16538,sexist
sexism2022_english-3712,sexist
sexism2022_english-19132,sexist
sexism2022_english-18925,not sexist
sexism2022_english-2647,sexist
sexism2022_english-6067,not sexist
sexism2022_english-14015,not sexist
sexism2022_english-1111,not sexist
sexism2022_english-2060,not sexist
sexism2022_english-3941,not sexist
sexism2022_english-16348,not sexist
sexism2022_english-8073,not sexist
sexism2022_english-3867,not sexist
sexism2022_english-16171,not sexist
sexism2022_english-8918,not sexist
sexism2022_english-7444,not sexist
sexism2022_english-18050,not sexist
sexism2022_english-11697,not sexist
sexism2022_english-17438,sexist
sexism2022_english-12017,not sexist
sexism2022_english-19387,not sexist
sexism2022_english-19946,sexist
sexism2022_english-7619,not sexist
sexism2022_english-12216,sexist
sexism2022_english-14069,not sexist
sexism2022_english-8567,not sexist
sexism2022_english-12361,not sexist
sexism2022_english-7535,not sexist
sexism2022_english-370,not sexist
sexism2022_english-15019,not sexist
sexism2022_english-6750,not sexist
sexism2022_english-1623,sexist
sexism2022_english-18165,not sexist
sexism2022_english-16942,not sexist
sexism2022_english-15848,sexist
sexism2022_english-6254,not sexist
sexism2022_english-531,not sexist
sexism2022_english-8771,not sexist
sexism2022_english-9696,not sexist
sexism2022_english-11415,not sexist
sexism2022_english-1527,not sexist
sexism2022_english-8954,not sexist
sexism2022_english-6571,sexist
sexism2022_english-6050,not sexist
sexism2022_english-5877,not sexist
sexism2022_english-18847,not sexist
sexism2022_english-12181,not sexist
sexism2022_english-13715,not sexist
sexism2022_english-10276,sexist
sexism2022_english-10607,sexist
sexism2022_english-14641,not sexist
sexism2022_english-18539,sexist
sexism2022_english-4051,not sexist
sexism2022_english-6786,not sexist
sexism2022_english-15161,sexist
sexism2022_english-1569,not sexist
sexism2022_english-9492,not sexist
sexism2022_english-5589,not sexist
sexism2022_english-442,not sexist
sexism2022_english-17076,not sexist
sexism2022_english-19800,not sexist
sexism2022_english-9216,not sexist
sexism2022_english-2955,not sexist
sexism2022_english-15877,not sexist
sexism2022_english-9596,sexist
sexism2022_english-6863,not sexist
sexism2022_english-9034,not sexist
sexism2022_english-7355,not sexist
sexism2022_english-18964,sexist
sexism2022_english-15942,sexist
sexism2022_english-7319,not sexist
sexism2022_english-6822,not sexist
sexism2022_english-9206,not sexist
sexism2022_english-392,sexist
sexism2022_english-19829,not sexist
sexism2022_english-13944,sexist
sexism2022_english-9395,not sexist
sexism2022_english-6277,not sexist
sexism2022_english-15695,not sexist
sexism2022_english-3416,not sexist
sexism2022_english-7323,not sexist
sexism2022_english-9487,not sexist
sexism2022_english-18124,not sexist
sexism2022_english-5861,not sexist
sexism2022_english-5562,not sexist
sexism2022_english-13428,not sexist
sexism2022_english-15523,sexist
sexism2022_english-6499,not sexist
sexism2022_english-11653,sexist
sexism2022_english-18664,not sexist
sexism2022_english-240,not sexist
sexism2022_english-10397,not sexist
sexism2022_english-3380,not sexist
sexism2022_english-14571,not sexist
sexism2022_english-17359,sexist
sexism2022_english-10075,not sexist
sexism2022_english-11707,not sexist
sexism2022_english-3049,not sexist
sexism2022_english-5612,not sexist
sexism2022_english-13516,not sexist
sexism2022_english-2267,not sexist
sexism2022_english-11685,sexist
sexism2022_english-19704,not sexist
sexism2022_english-3891,not sexist
sexism2022_english-13387,sexist
sexism2022_english-7499,not sexist
sexism2022_english-11381,not sexist
sexism2022_english-3482,not sexist
sexism2022_english-8172,not sexist
sexism2022_english-12861,sexist
sexism2022_english-2072,not sexist
sexism2022_english-7836,not sexist
sexism2022_english-6082,sexist
sexism2022_english-1543,not sexist
sexism2022_english-11975,not sexist
sexism2022_english-9662,sexist
sexism2022_english-15919,not sexist
sexism2022_english-7379,not sexist
sexism2022_english-9028,not sexist
sexism2022_english-14394,not sexist
sexism2022_english-5544,sexist
sexism2022_english-3341,not sexist
sexism2022_english-17497,not sexist
sexism2022_english-6614,not sexist
sexism2022_english-9758,not sexist
sexism2022_english-15698,not sexist
sexism2022_english-13191,not sexist
sexism2022_english-7725,not sexist
sexism2022_english-5217,not sexist
sexism2022_english-18934,not sexist
sexism2022_english-14690,not sexist
sexism2022_english-15322,not sexist
sexism2022_english-11802,not sexist
sexism2022_english-8563,not sexist
sexism2022_english-5745,not sexist
sexism2022_english-5110,sexist
sexism2022_english-16574,not sexist
sexism2022_english-10478,not sexist
sexism2022_english-17315,not sexist
sexism2022_english-19790,not sexist
sexism2022_english-2504,sexist
sexism2022_english-3183,sexist
sexism2022_english-5059,sexist
sexism2022_english-6257,not sexist
sexism2022_english-2593,not sexist
sexism2022_english-15791,not sexist
sexism2022_english-1566,not sexist
sexism2022_english-8387,not sexist
sexism2022_english-15002,sexist
sexism2022_english-10251,not sexist
sexism2022_english-6003,not sexist
sexism2022_english-16422,not sexist
sexism2022_english-19537,not sexist
sexism2022_english-16377,not sexist
sexism2022_english-1073,not sexist
sexism2022_english-19492,sexist
sexism2022_english-260,not sexist
sexism2022_english-250,not sexist
sexism2022_english-333,not sexist
sexism2022_english-5178,sexist
sexism2022_english-18460,sexist
sexism2022_english-12237,not sexist
sexism2022_english-14961,not sexist
sexism2022_english-9838,not sexist
sexism2022_english-18040,not sexist
sexism2022_english-8248,not sexist
sexism2022_english-16741,not sexist
sexism2022_english-18504,sexist
sexism2022_english-12542,not sexist
sexism2022_english-1654,not sexist
sexism2022_english-6855,not sexist
sexism2022_english-11238,not sexist
sexism2022_english-1615,sexist
sexism2022_english-17086,not sexist
sexism2022_english-13349,sexist
sexism2022_english-3114,not sexist
sexism2022_english-2914,not sexist
sexism2022_english-10666,sexist
sexism2022_english-1197,not sexist
sexism2022_english-13068,not sexist
sexism2022_english-1384,not sexist
sexism2022_english-11545,not sexist
sexism2022_english-9933,sexist
sexism2022_english-8714,not sexist
sexism2022_english-13276,not sexist
sexism2022_english-16701,not sexist
sexism2022_english-9516,not sexist
sexism2022_english-15082,not sexist
sexism2022_english-19567,not sexist
sexism2022_english-12131,not sexist
sexism2022_english-15269,not sexist
sexism2022_english-2059,not sexist
sexism2022_english-2759,not sexist
sexism2022_english-4759,sexist
sexism2022_english-5542,not sexist
sexism2022_english-8205,not sexist
sexism2022_english-19026,not sexist
sexism2022_english-4533,not sexist
sexism2022_english-15958,not sexist
sexism2022_english-19428,not sexist
sexism2022_english-8598,not sexist
sexism2022_english-18322,not sexist
sexism2022_english-10951,not sexist
sexism2022_english-14348,sexist
sexism2022_english-18125,not sexist
sexism2022_english-5409,not sexist
sexism2022_english-8615,not sexist
sexism2022_english-11024,not sexist
sexism2022_english-5347,sexist
sexism2022_english-8797,not sexist
sexism2022_english-6986,not sexist
sexism2022_english-8565,not sexist
sexism2022_english-15065,not sexist
sexism2022_english-14327,not sexist
sexism2022_english-3675,not sexist
sexism2022_english-16843,not sexist
sexism2022_english-10149,not sexist
sexism2022_english-17037,sexist
sexism2022_english-3281,sexist
sexism2022_english-150,not sexist
sexism2022_english-9839,not sexist
sexism2022_english-15696,sexist
sexism2022_english-970,not sexist
sexism2022_english-5608,not sexist
sexism2022_english-7915,sexist
sexism2022_english-12149,not sexist
sexism2022_english-5658,not sexist
sexism2022_english-17613,sexist
sexism2022_english-10925,sexist
sexism2022_english-9022,sexist
sexism2022_english-16561,not sexist
sexism2022_english-19422,not sexist
sexism2022_english-1123,not sexist
sexism2022_english-13657,not sexist
sexism2022_english-17269,not sexist
sexism2022_english-12873,not sexist
sexism2022_english-618,not sexist
sexism2022_english-10881,not sexist
sexism2022_english-15275,not sexist
sexism2022_english-7846,not sexist
sexism2022_english-13392,not sexist
sexism2022_english-1816,sexist
sexism2022_english-6249,not sexist
sexism2022_english-15113,not sexist
sexism2022_english-14965,not sexist
sexism2022_english-18977,not sexist
sexism2022_english-15688,not sexist
sexism2022_english-2803,not sexist
sexism2022_english-9255,not sexist
sexism2022_english-13281,sexist
sexism2022_english-3967,sexist
sexism2022_english-13592,not sexist
sexism2022_english-13608,not sexist
sexism2022_english-11416,sexist
sexism2022_english-2156,not sexist
sexism2022_english-2832,not sexist
sexism2022_english-15230,sexist
sexism2022_english-13937,sexist
sexism2022_english-1256,not sexist
sexism2022_english-2271,not sexist
sexism2022_english-7049,not sexist
sexism2022_english-14687,not sexist
sexism2022_english-12674,not sexist
sexism2022_english-6388,not sexist
sexism2022_english-6138,not sexist
sexism2022_english-9605,sexist
sexism2022_english-17486,sexist
sexism2022_english-17521,not sexist
sexism2022_english-18498,not sexist
sexism2022_english-6929,not sexist
sexism2022_english-6046,not sexist
sexism2022_english-15721,not sexist
sexism2022_english-608,not sexist
sexism2022_english-9514,sexist
sexism2022_english-12510,not sexist
sexism2022_english-8612,sexist
sexism2022_english-7660,not sexist
sexism2022_english-12787,not sexist
sexism2022_english-6871,sexist
sexism2022_english-14710,not sexist
sexism2022_english-158,not sexist
sexism2022_english-1861,not sexist
sexism2022_english-15039,not sexist
sexism2022_english-6752,sexist
sexism2022_english-16146,not sexist
sexism2022_english-2324,not sexist
sexism2022_english-9393,sexist
sexism2022_english-7086,sexist
sexism2022_english-4383,not sexist
sexism2022_english-1293,not sexist
sexism2022_english-7503,not sexist
sexism2022_english-8066,not sexist
sexism2022_english-8545,not sexist
sexism2022_english-6370,sexist
sexism2022_english-13412,not sexist
sexism2022_english-15153,not sexist
sexism2022_english-1239,not sexist
sexism2022_english-17990,not sexist
sexism2022_english-8363,not sexist
sexism2022_english-2592,not sexist
sexism2022_english-13595,sexist
sexism2022_english-17216,not sexist
sexism2022_english-7822,not sexist
sexism2022_english-4189,not sexist
sexism2022_english-17147,not sexist
sexism2022_english-11319,sexist
sexism2022_english-3776,not sexist
sexism2022_english-10198,sexist
sexism2022_english-9814,not sexist
sexism2022_english-10776,not sexist
sexism2022_english-10522,sexist
sexism2022_english-16650,not sexist
sexism2022_english-50,sexist
sexism2022_english-18584,not sexist
sexism2022_english-11111,not sexist
sexism2022_english-6671,not sexist
sexism2022_english-8114,sexist
sexism2022_english-8515,not sexist
sexism2022_english-15354,not sexist
sexism2022_english-9314,sexist
sexism2022_english-10649,not sexist
sexism2022_english-1405,not sexist
sexism2022_english-3185,not sexist
sexism2022_english-1028,not sexist
sexism2022_english-3326,not sexist
sexism2022_english-4031,not sexist
sexism2022_english-601,not sexist
sexism2022_english-3243,sexist
sexism2022_english-11397,not sexist
sexism2022_english-581,not sexist
sexism2022_english-6426,not sexist
sexism2022_english-16811,not sexist
sexism2022_english-4691,not sexist
sexism2022_english-8852,not sexist
sexism2022_english-18376,not sexist
sexism2022_english-10898,not sexist
sexism2022_english-12782,not sexist
sexism2022_english-4123,not sexist
sexism2022_english-4003,not sexist
sexism2022_english-7648,not sexist
sexism2022_english-15132,not sexist
sexism2022_english-837,not sexist
sexism2022_english-17261,not sexist
sexism2022_english-7795,not sexist
sexism2022_english-11998,not sexist
sexism2022_english-18466,not sexist
sexism2022_english-6695,not sexist
sexism2022_english-17034,not sexist
sexism2022_english-7955,not sexist
sexism2022_english-13406,not sexist
sexism2022_english-18171,not sexist
sexism2022_english-15674,not sexist
sexism2022_english-3840,not sexist
sexism2022_english-12879,sexist
sexism2022_english-4170,sexist
sexism2022_english-3462,not sexist
sexism2022_english-13775,not sexist
sexism2022_english-252,not sexist
sexism2022_english-16188,not sexist
sexism2022_english-17202,not sexist
sexism2022_english-19112,not sexist
sexism2022_english-7502,sexist
sexism2022_english-1737,not sexist
sexism2022_english-16793,sexist
sexism2022_english-11727,not sexist
sexism2022_english-14381,not sexist
sexism2022_english-18651,not sexist
sexism2022_english-19496,sexist
sexism2022_english-5565,not sexist
sexism2022_english-18455,not sexist
sexism2022_english-14429,not sexist
sexism2022_english-14266,not sexist
sexism2022_english-11494,not sexist
sexism2022_english-12422,not sexist
sexism2022_english-15442,not sexist
sexism2022_english-5127,not sexist
sexism2022_english-15581,not sexist
sexism2022_english-7563,not sexist
sexism2022_english-7462,not sexist
sexism2022_english-7514,not sexist
sexism2022_english-11880,sexist
sexism2022_english-16151,not sexist
sexism2022_english-1498,not sexist
sexism2022_english-17046,not sexist
sexism2022_english-2241,not sexist
sexism2022_english-10328,not sexist
sexism2022_english-19224,not sexist
sexism2022_english-13776,not sexist
sexism2022_english-13825,not sexist
sexism2022_english-11605,not sexist
sexism2022_english-605,not sexist
sexism2022_english-8611,not sexist
sexism2022_english-10847,sexist
sexism2022_english-16321,not sexist
sexism2022_english-797,not sexist
sexism2022_english-17731,not sexist
sexism2022_english-15490,not sexist
sexism2022_english-11567,not sexist
sexism2022_english-17771,not sexist
sexism2022_english-1105,not sexist
sexism2022_english-12968,not sexist
sexism2022_english-15859,not sexist
sexism2022_english-4297,not sexist
sexism2022_english-10008,not sexist
sexism2022_english-6301,not sexist
sexism2022_english-10090,not sexist
sexism2022_english-2056,not sexist
sexism2022_english-4491,sexist
sexism2022_english-14522,not sexist
sexism2022_english-9736,sexist
sexism2022_english-18374,not sexist
sexism2022_english-2517,not sexist
sexism2022_english-9183,sexist
sexism2022_english-19057,not sexist
sexism2022_english-3809,not sexist
sexism2022_english-6,not sexist
sexism2022_english-14463,not sexist
sexism2022_english-16833,not sexist
sexism2022_english-14746,not sexist
sexism2022_english-555,not sexist
sexism2022_english-15268,not sexist
sexism2022_english-8896,sexist
sexism2022_english-5568,not sexist
sexism2022_english-13059,sexist
sexism2022_english-2809,not sexist
sexism2022_english-11023,not sexist
sexism2022_english-15961,sexist
sexism2022_english-3291,sexist
sexism2022_english-1829,not sexist
sexism2022_english-6312,not sexist
sexism2022_english-4134,not sexist
sexism2022_english-6323,not sexist
sexism2022_english-12671,not sexist
sexism2022_english-14959,not sexist
sexism2022_english-17031,not sexist
sexism2022_english-8036,not sexist
sexism2022_english-12762,not sexist
sexism2022_english-4720,not sexist
sexism2022_english-1241,not sexist
sexism2022_english-7711,sexist
sexism2022_english-8682,not sexist
sexism2022_english-11601,not sexist
sexism2022_english-15263,not sexist
sexism2022_english-11721,not sexist
sexism2022_english-14530,not sexist
sexism2022_english-6394,not sexist
sexism2022_english-2458,not sexist
sexism2022_english-7927,not sexist
sexism2022_english-13795,not sexist
sexism2022_english-17327,not sexist
sexism2022_english-15127,not sexist
sexism2022_english-17967,not sexist
sexism2022_english-13982,not sexist
sexism2022_english-3269,not sexist
sexism2022_english-1221,not sexist
sexism2022_english-16178,not sexist
sexism2022_english-17634,sexist
sexism2022_english-16202,sexist
sexism2022_english-6838,not sexist
sexism2022_english-8342,not sexist
sexism2022_english-3556,not sexist
sexism2022_english-12040,not sexist
sexism2022_english-7479,not sexist
sexism2022_english-4977,not sexist
sexism2022_english-9063,not sexist
sexism2022_english-9196,not sexist
sexism2022_english-10609,not sexist
sexism2022_english-7587,not sexist
sexism2022_english-2491,sexist
sexism2022_english-17374,sexist
sexism2022_english-8777,sexist
sexism2022_english-14812,sexist
sexism2022_english-4955,not sexist
sexism2022_english-4447,not sexist
sexism2022_english-13437,not sexist
sexism2022_english-4909,sexist
sexism2022_english-2183,not sexist
sexism2022_english-18251,not sexist
sexism2022_english-3992,not sexist
sexism2022_english-17655,not sexist
sexism2022_english-11423,not sexist
sexism2022_english-19040,not sexist
sexism2022_english-1019,not sexist
sexism2022_english-13707,not sexist
sexism2022_english-6569,not sexist
sexism2022_english-4428,not sexist
sexism2022_english-5057,not sexist
sexism2022_english-6379,sexist
sexism2022_english-7568,sexist
sexism2022_english-19668,not sexist
sexism2022_english-3959,sexist
sexism2022_english-9483,not sexist
sexism2022_english-8120,not sexist
sexism2022_english-10725,not sexist
sexism2022_english-904,sexist
sexism2022_english-7517,not sexist
sexism2022_english-11006,sexist
sexism2022_english-16441,not sexist
sexism2022_english-9446,not sexist
sexism2022_english-16059,not sexist
sexism2022_english-8697,sexist
sexism2022_english-9416,sexist
sexism2022_english-9628,not sexist
sexism2022_english-905,not sexist
sexism2022_english-1545,not sexist
sexism2022_english-11103,not sexist
sexism2022_english-16104,not sexist
sexism2022_english-16459,not sexist
sexism2022_english-7271,sexist
sexism2022_english-12459,sexist
sexism2022_english-3452,not sexist
sexism2022_english-9669,not sexist
sexism2022_english-4240,not sexist
sexism2022_english-2813,not sexist
sexism2022_english-6366,sexist
sexism2022_english-8782,not sexist
sexism2022_english-14452,not sexist
sexism2022_english-13727,sexist
sexism2022_english-9752,not sexist
sexism2022_english-2774,sexist
sexism2022_english-9917,not sexist
sexism2022_english-19173,not sexist
sexism2022_english-18479,not sexist
sexism2022_english-14677,sexist
sexism2022_english-4251,not sexist
sexism2022_english-6839,not sexist
sexism2022_english-19632,not sexist
sexism2022_english-18595,not sexist
sexism2022_english-11978,sexist
sexism2022_english-10671,sexist
sexism2022_english-1865,not sexist
sexism2022_english-3626,sexist
sexism2022_english-2111,not sexist
sexism2022_english-6701,not sexist
sexism2022_english-5984,not sexist
sexism2022_english-14195,not sexist
sexism2022_english-3154,not sexist
sexism2022_english-4619,not sexist
sexism2022_english-17220,not sexist
sexism2022_english-19100,not sexist
sexism2022_english-10323,sexist
sexism2022_english-3654,sexist
sexism2022_english-19826,not sexist
sexism2022_english-708,not sexist
sexism2022_english-14194,not sexist
sexism2022_english-17425,sexist
sexism2022_english-9197,sexist
sexism2022_english-12311,sexist
sexism2022_english-6866,not sexist
sexism2022_english-7056,not sexist
sexism2022_english-4387,not sexist
sexism2022_english-14821,not sexist
sexism2022_english-17639,sexist
sexism2022_english-15994,not sexist
sexism2022_english-987,not sexist
sexism2022_english-8520,not sexist
sexism2022_english-18980,sexist
sexism2022_english-4723,not sexist
sexism2022_english-567,not sexist
sexism2022_english-12495,not sexist
sexism2022_english-15313,not sexist
sexism2022_english-11587,not sexist
sexism2022_english-583,not sexist
sexism2022_english-18312,not sexist
sexism2022_english-11072,not sexist
sexism2022_english-2898,not sexist
sexism2022_english-8542,not sexist
sexism2022_english-5146,not sexist
sexism2022_english-5210,not sexist
sexism2022_english-15947,not sexist
sexism2022_english-14844,not sexist
sexism2022_english-1434,not sexist
sexism2022_english-17522,not sexist
sexism2022_english-11236,not sexist
sexism2022_english-15324,not sexist
sexism2022_english-6006,not sexist
sexism2022_english-16053,not sexist
sexism2022_english-6471,not sexist
sexism2022_english-6558,sexist
sexism2022_english-13373,not sexist
sexism2022_english-1458,not sexist
sexism2022_english-12566,not sexist
sexism2022_english-18447,not sexist
sexism2022_english-8729,sexist
sexism2022_english-3580,sexist
sexism2022_english-9083,not sexist
sexism2022_english-19379,not sexist
sexism2022_english-4891,not sexist
sexism2022_english-6734,sexist
sexism2022_english-8764,not sexist
sexism2022_english-19165,not sexist
sexism2022_english-15376,not sexist
sexism2022_english-12029,not sexist
sexism2022_english-4931,not sexist
sexism2022_english-15099,not sexist
sexism2022_english-1005,not sexist
sexism2022_english-12974,sexist
sexism2022_english-2387,not sexist
sexism2022_english-15168,sexist
sexism2022_english-15063,not sexist
sexism2022_english-13605,not sexist
sexism2022_english-19158,not sexist
sexism2022_english-15801,not sexist
sexism2022_english-15576,not sexist
sexism2022_english-5978,sexist
sexism2022_english-9268,sexist
sexism2022_english-2711,not sexist
sexism2022_english-6447,not sexist
sexism2022_english-5450,not sexist
sexism2022_english-227,not sexist
sexism2022_english-3303,not sexist
sexism2022_english-2401,not sexist
sexism2022_english-7044,not sexist
sexism2022_english-15503,not sexist
sexism2022_english-8121,not sexist
sexism2022_english-10133,sexist
sexism2022_english-12041,sexist
sexism2022_english-16416,not sexist
sexism2022_english-3122,not sexist
sexism2022_english-12314,not sexist
sexism2022_english-445,sexist
sexism2022_english-15274,not sexist
sexism2022_english-18077,not sexist
sexism2022_english-1493,not sexist
sexism2022_english-16618,sexist
sexism2022_english-13164,not sexist
sexism2022_english-2440,not sexist
sexism2022_english-3290,not sexist
sexism2022_english-18092,not sexist
sexism2022_english-14121,not sexist
sexism2022_english-4699,not sexist
sexism2022_english-13849,sexist
sexism2022_english-7412,sexist
sexism2022_english-14468,sexist
sexism2022_english-3650,not sexist
sexism2022_english-16063,not sexist
sexism2022_english-1697,sexist
sexism2022_english-1074,not sexist
sexism2022_english-14631,not sexist
sexism2022_english-6371,sexist
sexism2022_english-7969,sexist
sexism2022_english-14139,not sexist
sexism2022_english-9459,not sexist
sexism2022_english-671,not sexist
sexism2022_english-5150,sexist
sexism2022_english-12823,not sexist
sexism2022_english-13233,not sexist
sexism2022_english-1575,not sexist
sexism2022_english-16276,not sexist
sexism2022_english-4222,sexist
sexism2022_english-3383,sexist
sexism2022_english-13119,not sexist
sexism2022_english-13975,not sexist
sexism2022_english-4409,not sexist
sexism2022_english-19254,not sexist
sexism2022_english-8883,not sexist
sexism2022_english-9644,not sexist
sexism2022_english-5520,not sexist
sexism2022_english-16590,not sexist
sexism2022_english-704,not sexist
sexism2022_english-1683,not sexist
sexism2022_english-15188,not sexist
sexism2022_english-11649,not sexist
sexism2022_english-5549,not sexist
sexism2022_english-6985,not sexist
sexism2022_english-9659,not sexist
sexism2022_english-4331,not sexist
sexism2022_english-12728,not sexist
sexism2022_english-667,not sexist
sexism2022_english-8413,not sexist
sexism2022_english-3748,not sexist
sexism2022_english-10030,not sexist
sexism2022_english-17847,not sexist
sexism2022_english-11561,not sexist
sexism2022_english-8555,not sexist
sexism2022_english-19186,not sexist
sexism2022_english-3996,sexist
sexism2022_english-17748,not sexist
sexism2022_english-8902,not sexist
sexism2022_english-749,sexist
sexism2022_english-8666,not sexist
sexism2022_english-15949,not sexist
sexism2022_english-19525,not sexist
sexism2022_english-14575,not sexist
sexism2022_english-8497,not sexist
sexism2022_english-16974,not sexist
sexism2022_english-13397,not sexist
sexism2022_english-9311,not sexist
sexism2022_english-8544,not sexist
sexism2022_english-8550,not sexist
sexism2022_english-11233,not sexist
sexism2022_english-3354,not sexist
sexism2022_english-11128,not sexist
sexism2022_english-14100,not sexist
sexism2022_english-7776,not sexist
sexism2022_english-325,not sexist
sexism2022_english-9552,sexist
sexism2022_english-17279,not sexist
sexism2022_english-9627,not sexist
sexism2022_english-10791,not sexist
sexism2022_english-8372,not sexist
sexism2022_english-5901,not sexist
sexism2022_english-9812,not sexist
sexism2022_english-13424,not sexist
sexism2022_english-11597,not sexist
sexism2022_english-19493,sexist
sexism2022_english-9070,not sexist
sexism2022_english-2338,not sexist
sexism2022_english-5650,sexist
sexism2022_english-16531,sexist
sexism2022_english-9942,not sexist
sexism2022_english-13118,not sexist
sexism2022_english-18816,not sexist
sexism2022_english-12129,not sexist
sexism2022_english-13862,not sexist
sexism2022_english-19731,sexist
sexism2022_english-16015,not sexist
sexism2022_english-7275,not sexist
sexism2022_english-10612,not sexist
sexism2022_english-5386,not sexist
sexism2022_english-15817,sexist
sexism2022_english-9,not sexist
sexism2022_english-17245,not sexist
sexism2022_english-5445,sexist
sexism2022_english-13723,not sexist
sexism2022_english-18707,not sexist
sexism2022_english-19423,not sexist
sexism2022_english-5305,not sexist
sexism2022_english-1693,not sexist
sexism2022_english-4956,not sexist
sexism2022_english-19678,not sexist
sexism2022_english-6538,sexist
sexism2022_english-1213,not sexist
sexism2022_english-12833,sexist
sexism2022_english-10845,not sexist
sexism2022_english-110,not sexist
sexism2022_english-11875,sexist
sexism2022_english-5004,not sexist
sexism2022_english-9108,not sexist
sexism2022_english-13416,sexist
sexism2022_english-3723,not sexist
sexism2022_english-19301,not sexist
sexism2022_english-4821,not sexist
sexism2022_english-19164,not sexist
sexism2022_english-1031,not sexist
sexism2022_english-13129,not sexist
sexism2022_english-15388,not sexist
sexism2022_english-16933,not sexist
sexism2022_english-10863,not sexist
sexism2022_english-17572,not sexist
sexism2022_english-14932,sexist
sexism2022_english-5253,sexist
sexism2022_english-9114,not sexist
sexism2022_english-18344,not sexist
sexism2022_english-15193,not sexist
sexism2022_english-7827,not sexist
sexism2022_english-8456,not sexist
sexism2022_english-16074,not sexist
sexism2022_english-9112,not sexist
sexism2022_english-6184,not sexist
sexism2022_english-17791,not sexist
sexism2022_english-14353,not sexist
sexism2022_english-4270,not sexist
sexism2022_english-18647,not sexist
sexism2022_english-11229,not sexist
sexism2022_english-17724,not sexist
sexism2022_english-19300,sexist
sexism2022_english-3405,sexist
sexism2022_english-8415,not sexist
sexism2022_english-2316,not sexist
sexism2022_english-5903,sexist
sexism2022_english-2086,not sexist
sexism2022_english-16069,sexist
sexism2022_english-19659,not sexist
sexism2022_english-16424,not sexist
sexism2022_english-4385,not sexist
sexism2022_english-5292,not sexist
sexism2022_english-2925,not sexist
sexism2022_english-7705,not sexist
sexism2022_english-6036,not sexist
sexism2022_english-8132,not sexist
sexism2022_english-8997,not sexist
sexism2022_english-18042,sexist
sexism2022_english-540,not sexist
sexism2022_english-18310,not sexist
sexism2022_english-15228,not sexist
sexism2022_english-4587,not sexist
sexism2022_english-14826,not sexist
sexism2022_english-3946,sexist
sexism2022_english-6009,not sexist
sexism2022_english-9357,not sexist
sexism2022_english-5492,sexist
sexism2022_english-10459,not sexist
sexism2022_english-13759,not sexist
sexism2022_english-14680,not sexist
sexism2022_english-11137,not sexist
sexism2022_english-7861,not sexist
sexism2022_english-17244,not sexist
sexism2022_english-10156,not sexist
sexism2022_english-15206,not sexist
sexism2022_english-7683,not sexist
sexism2022_english-10953,not sexist
sexism2022_english-9071,not sexist
sexism2022_english-14262,not sexist
sexism2022_english-13622,sexist
sexism2022_english-3044,not sexist
sexism2022_english-16386,sexist
sexism2022_english-7344,not sexist
sexism2022_english-2808,not sexist
sexism2022_english-15086,not sexist
sexism2022_english-12660,not sexist
sexism2022_english-19515,sexist
sexism2022_english-13123,not sexist
sexism2022_english-19108,not sexist
sexism2022_english-55,not sexist
sexism2022_english-9101,not sexist
sexism2022_english-18157,sexist
sexism2022_english-11723,not sexist
sexism2022_english-13353,not sexist
sexism2022_english-11261,not sexist
sexism2022_english-5231,sexist
sexism2022_english-16841,sexist
sexism2022_english-10642,not sexist
sexism2022_english-7857,not sexist
sexism2022_english-16083,sexist
sexism2022_english-11793,not sexist
sexism2022_english-12401,sexist
sexism2022_english-12859,not sexist
sexism2022_english-9504,not sexist
sexism2022_english-17862,sexist
sexism2022_english-12904,sexist
sexism2022_english-19275,not sexist
sexism2022_english-7886,not sexist
sexism2022_english-9104,not sexist
sexism2022_english-5312,not sexist
sexism2022_english-13845,not sexist
sexism2022_english-10874,not sexist
sexism2022_english-4057,sexist
sexism2022_english-12522,not sexist
sexism2022_english-18936,not sexist
sexism2022_english-5636,not sexist
sexism2022_english-7609,not sexist
sexism2022_english-14858,not sexist
sexism2022_english-5342,not sexist
sexism2022_english-7867,not sexist
sexism2022_english-1583,sexist
sexism2022_english-19774,not sexist
sexism2022_english-19975,not sexist
sexism2022_english-12701,not sexist
sexism2022_english-14017,not sexist
sexism2022_english-17794,not sexist
sexism2022_english-18937,not sexist
sexism2022_english-14078,not sexist
sexism2022_english-5960,not sexist
sexism2022_english-8558,not sexist
sexism2022_english-7550,sexist
sexism2022_english-2439,not sexist
sexism2022_english-8194,sexist
sexism2022_english-3372,not sexist
sexism2022_english-8311,not sexist
sexism2022_english-15510,not sexist
sexism2022_english-12419,not sexist
sexism2022_english-18740,sexist
sexism2022_english-6645,not sexist
sexism2022_english-1307,not sexist
sexism2022_english-15869,not sexist
sexism2022_english-2554,not sexist
sexism2022_english-764,not sexist
sexism2022_english-6547,not sexist
sexism2022_english-18927,sexist
sexism2022_english-13942,sexist
sexism2022_english-4128,not sexist
sexism2022_english-16289,not sexist
sexism2022_english-14717,not sexist
sexism2022_english-17456,not sexist
sexism2022_english-1777,not sexist
sexism2022_english-6672,sexist
sexism2022_english-13268,not sexist
sexism2022_english-18794,sexist
sexism2022_english-1715,not sexist
sexism2022_english-10978,not sexist
sexism2022_english-7018,not sexist
sexism2022_english-17112,not sexist
sexism2022_english-11151,not sexist
sexism2022_english-17157,sexist
sexism2022_english-10188,not sexist
sexism2022_english-12478,not sexist
sexism2022_english-6676,not sexist
sexism2022_english-4368,not sexist
sexism2022_english-1537,not sexist
sexism2022_english-3569,not sexist
sexism2022_english-1186,not sexist
sexism2022_english-19841,not sexist
sexism2022_english-1793,not sexist
sexism2022_english-7557,not sexist
sexism2022_english-12670,not sexist
sexism2022_english-752,not sexist
sexism2022_english-156,not sexist
sexism2022_english-1705,not sexist
sexism2022_english-11881,not sexist
sexism2022_english-17629,not sexist
sexism2022_english-10550,not sexist
sexism2022_english-6536,not sexist
sexism2022_english-2036,not sexist
sexism2022_english-849,not sexist
sexism2022_english-16586,not sexist
sexism2022_english-11988,not sexist
sexism2022_english-15812,not sexist
sexism2022_english-14393,sexist
sexism2022_english-15915,sexist
sexism2022_english-5949,not sexist
sexism2022_english-12232,not sexist
sexism2022_english-3253,not sexist
sexism2022_english-13844,not sexist
sexism2022_english-11643,not sexist
sexism2022_english-3391,not sexist
sexism2022_english-454,not sexist
sexism2022_english-825,not sexist
sexism2022_english-16878,not sexist
sexism2022_english-5399,sexist
sexism2022_english-12791,sexist
sexism2022_english-9919,not sexist
sexism2022_english-14999,not sexist
sexism2022_english-16705,not sexist
sexism2022_english-108,sexist
sexism2022_english-12175,not sexist
sexism2022_english-9519,sexist
sexism2022_english-8131,not sexist
sexism2022_english-16504,sexist
sexism2022_english-18520,not sexist
sexism2022_english-4564,not sexist
sexism2022_english-12296,not sexist
sexism2022_english-1103,not sexist
sexism2022_english-8186,not sexist
sexism2022_english-7288,not sexist
sexism2022_english-15430,not sexist
sexism2022_english-8475,not sexist
sexism2022_english-9408,not sexist
sexism2022_english-3289,not sexist
sexism2022_english-8003,sexist
sexism2022_english-15700,not sexist
sexism2022_english-13732,sexist
sexism2022_english-11278,not sexist
sexism2022_english-1475,sexist
sexism2022_english-7506,sexist
sexism2022_english-4664,not sexist
sexism2022_english-17864,not sexist
sexism2022_english-602,not sexist
sexism2022_english-3773,not sexist
sexism2022_english-2332,not sexist
sexism2022_english-3549,not sexist
sexism2022_english-520,not sexist
sexism2022_english-1362,not sexist
sexism2022_english-14420,not sexist
sexism2022_english-10992,sexist
sexism2022_english-6260,not sexist
sexism2022_english-9778,sexist
sexism2022_english-1341,not sexist
sexism2022_english-14930,sexist
sexism2022_english-5279,not sexist
sexism2022_english-17807,sexist
sexism2022_english-12032,sexist
sexism2022_english-19760,sexist
sexism2022_english-10682,not sexist
sexism2022_english-15701,not sexist
sexism2022_english-19415,not sexist
sexism2022_english-19207,not sexist
sexism2022_english-9528,sexist
sexism2022_english-5674,not sexist
sexism2022_english-14487,not sexist
sexism2022_english-15273,sexist
sexism2022_english-17993,not sexist
sexism2022_english-11190,not sexist
sexism2022_english-19836,not sexist
sexism2022_english-5408,not sexist
sexism2022_english-14291,not sexist
sexism2022_english-3546,not sexist
sexism2022_english-2027,not sexist
sexism2022_english-2240,not sexist
sexism2022_english-12094,sexist
sexism2022_english-11051,not sexist
sexism2022_english-1815,not sexist
sexism2022_english-5631,not sexist
sexism2022_english-1562,sexist
sexism2022_english-14325,not sexist
sexism2022_english-15891,not sexist
sexism2022_english-1403,not sexist
sexism2022_english-4117,not sexist
sexism2022_english-17287,sexist
sexism2022_english-7831,not sexist
sexism2022_english-16952,not sexist
sexism2022_english-14389,not sexist
sexism2022_english-16273,not sexist
sexism2022_english-1232,not sexist
sexism2022_english-16713,sexist
sexism2022_english-8967,not sexist
sexism2022_english-1162,not sexist
sexism2022_english-9221,not sexist
sexism2022_english-19549,not sexist
sexism2022_english-795,not sexist
sexism2022_english-2103,sexist
sexism2022_english-11825,not sexist
sexism2022_english-3834,not sexist
sexism2022_english-13400,not sexist
sexism2022_english-4503,not sexist
sexism2022_english-1657,not sexist
sexism2022_english-17686,not sexist
sexism2022_english-13787,not sexist
sexism2022_english-6654,not sexist
sexism2022_english-9890,not sexist
sexism2022_english-13579,not sexist
sexism2022_english-14707,sexist
sexism2022_english-9384,sexist
sexism2022_english-363,not sexist
sexism2022_english-11315,not sexist
sexism2022_english-4379,not sexist
sexism2022_english-7054,not sexist
sexism2022_english-1980,not sexist
sexism2022_english-6537,not sexist
sexism2022_english-6596,not sexist
sexism2022_english-15874,not sexist
sexism2022_english-18368,not sexist
sexism2022_english-13627,not sexist
sexism2022_english-14729,not sexist
sexism2022_english-19408,sexist
sexism2022_english-8412,not sexist
sexism2022_english-16122,not sexist
sexism2022_english-4713,not sexist
sexism2022_english-13230,not sexist
sexism2022_english-3373,not sexist
sexism2022_english-19590,not sexist
sexism2022_english-15470,not sexist
sexism2022_english-14414,not sexist
sexism2022_english-1881,sexist
sexism2022_english-18781,not sexist
sexism2022_english-966,not sexist
sexism2022_english-6119,not sexist
sexism2022_english-7091,not sexist
sexism2022_english-14894,not sexist
sexism2022_english-19746,not sexist
sexism2022_english-11357,not sexist
sexism2022_english-10463,not sexist
sexism2022_english-8686,not sexist
sexism2022_english-19612,not sexist
sexism2022_english-2842,not sexist
sexism2022_english-5779,not sexist
sexism2022_english-9686,not sexist
sexism2022_english-8226,sexist
sexism2022_english-15025,not sexist
sexism2022_english-13009,not sexist
sexism2022_english-8105,not sexist
sexism2022_english-4072,not sexist
sexism2022_english-16179,not sexist
sexism2022_english-3006,sexist
sexism2022_english-525,not sexist
sexism2022_english-16819,not sexist
sexism2022_english-7810,not sexist
sexism2022_english-12570,not sexist
sexism2022_english-10616,not sexist
sexism2022_english-958,not sexist
sexism2022_english-17312,not sexist
sexism2022_english-8258,not sexist
sexism2022_english-16684,not sexist
sexism2022_english-18265,not sexist
sexism2022_english-14660,not sexist
sexism2022_english-18199,not sexist
sexism2022_english-639,not sexist
sexism2022_english-11186,not sexist
sexism2022_english-890,sexist
sexism2022_english-16876,sexist
sexism2022_english-7452,not sexist
sexism2022_english-13036,not sexist
sexism2022_english-9791,sexist
sexism2022_english-7632,sexist
sexism2022_english-7278,not sexist
sexism2022_english-547,not sexist
sexism2022_english-2443,not sexist
sexism2022_english-672,not sexist
sexism2022_english-1171,not sexist
sexism2022_english-13062,not sexist
sexism2022_english-8970,not sexist
sexism2022_english-9056,not sexist
sexism2022_english-7944,not sexist
sexism2022_english-8910,not sexist
sexism2022_english-15304,not sexist
sexism2022_english-11070,sexist
sexism2022_english-2287,not sexist
sexism2022_english-1168,not sexist
sexism2022_english-6430,sexist
sexism2022_english-5683,not sexist
sexism2022_english-464,not sexist
sexism2022_english-5039,not sexist
sexism2022_english-17437,not sexist
sexism2022_english-14644,not sexist
sexism2022_english-18420,not sexist
sexism2022_english-480,sexist
sexism2022_english-15333,not sexist
sexism2022_english-14477,not sexist
sexism2022_english-19521,not sexist
sexism2022_english-7936,sexist
sexism2022_english-16660,sexist
sexism2022_english-1441,not sexist
sexism2022_english-10312,not sexist
sexism2022_english-6723,not sexist
sexism2022_english-1355,not sexist
sexism2022_english-923,not sexist
sexism2022_english-9252,not sexist
sexism2022_english-4050,not sexist
sexism2022_english-12551,not sexist
sexism2022_english-12949,not sexist
sexism2022_english-6076,sexist
sexism2022_english-7473,not sexist
sexism2022_english-15279,not sexist
sexism2022_english-15635,not sexist
sexism2022_english-16630,not sexist
sexism2022_english-15660,not sexist
sexism2022_english-225,not sexist
sexism2022_english-17264,not sexist
sexism2022_english-2922,not sexist
sexism2022_english-5859,not sexist
sexism2022_english-19420,not sexist
sexism2022_english-4852,not sexist
sexism2022_english-11813,not sexist
sexism2022_english-7433,not sexist
sexism2022_english-2952,not sexist
sexism2022_english-452,not sexist
sexism2022_english-1894,not sexist
sexism2022_english-8837,not sexist
sexism2022_english-93,not sexist
sexism2022_english-8273,not sexist
sexism2022_english-14455,not sexist
sexism2022_english-8477,not sexist
sexism2022_english-12795,not sexist
sexism2022_english-16587,sexist
sexism2022_english-7909,not sexist
sexism2022_english-5477,not sexist
sexism2022_english-7369,not sexist
sexism2022_english-5050,sexist
sexism2022_english-18410,not sexist
sexism2022_english-16282,not sexist
sexism2022_english-7150,not sexist
sexism2022_english-13941,not sexist
sexism2022_english-9379,not sexist
sexism2022_english-5474,not sexist
sexism2022_english-18013,sexist
sexism2022_english-2557,not sexist
sexism2022_english-5991,not sexist
sexism2022_english-207,not sexist
sexism2022_english-643,sexist
sexism2022_english-12140,not sexist
sexism2022_english-4806,not sexist
sexism2022_english-5519,not sexist
sexism2022_english-14154,not sexist
sexism2022_english-10781,not sexist
sexism2022_english-771,not sexist
sexism2022_english-12305,not sexist
sexism2022_english-10217,not sexist
sexism2022_english-10807,not sexist
sexism2022_english-13932,not sexist
sexism2022_english-621,not sexist
sexism2022_english-3662,not sexist
sexism2022_english-11560,not sexist
sexism2022_english-18456,not sexist
sexism2022_english-2819,not sexist
sexism2022_english-7973,not sexist
sexism2022_english-16230,not sexist
sexism2022_english-11732,not sexist
sexism2022_english-12591,not sexist
sexism2022_english-19194,sexist
sexism2022_english-13499,not sexist
sexism2022_english-3997,not sexist
sexism2022_english-19156,not sexist
sexism2022_english-10310,not sexist
sexism2022_english-16161,not sexist
sexism2022_english-4151,not sexist
sexism2022_english-1985,not sexist
sexism2022_english-13743,not sexist
sexism2022_english-5966,not sexist
sexism2022_english-8215,not sexist
sexism2022_english-13835,not sexist
sexism2022_english-17670,not sexist
sexism2022_english-7306,sexist
sexism2022_english-1143,not sexist
sexism2022_english-12992,not sexist
sexism2022_english-19124,not sexist
sexism2022_english-9464,not sexist
sexism2022_english-6926,not sexist
sexism2022_english-1530,not sexist
sexism2022_english-14753,not sexist
sexism2022_english-5143,not sexist
sexism2022_english-9903,sexist
sexism2022_english-13965,sexist
sexism2022_english-9892,not sexist
sexism2022_english-17823,not sexist
sexism2022_english-19256,not sexist
sexism2022_english-19416,not sexist
sexism2022_english-10779,not sexist
sexism2022_english-12562,not sexist
sexism2022_english-11855,sexist
sexism2022_english-18174,sexist
sexism2022_english-18896,not sexist
sexism2022_english-1237,not sexist
sexism2022_english-12005,not sexist
sexism2022_english-1579,sexist
sexism2022_english-16237,not sexist
sexism2022_english-8743,sexist
sexism2022_english-8670,not sexist
sexism2022_english-16131,not sexist
sexism2022_english-15395,not sexist
sexism2022_english-12946,not sexist
sexism2022_english-4946,not sexist
sexism2022_english-4700,sexist
sexism2022_english-3471,sexist
sexism2022_english-8999,sexist
sexism2022_english-7347,not sexist
sexism2022_english-10160,not sexist
sexism2022_english-15563,not sexist
sexism2022_english-16006,sexist
sexism2022_english-9924,not sexist
sexism2022_english-15840,not sexist
sexism2022_english-1085,not sexist
sexism2022_english-11386,not sexist
sexism2022_english-14967,not sexist
sexism2022_english-7204,not sexist
sexism2022_english-8007,sexist
sexism2022_english-12601,not sexist
sexism2022_english-13686,sexist
sexism2022_english-14451,not sexist
sexism2022_english-19303,not sexist
sexism2022_english-18745,sexist
sexism2022_english-246,not sexist
sexism2022_english-16351,not sexist
sexism2022_english-7942,not sexist
sexism2022_english-4168,not sexist
sexism2022_english-15676,not sexist
sexism2022_english-11302,not sexist
sexism2022_english-18857,not sexist
sexism2022_english-7991,not sexist
sexism2022_english-19787,not sexist
sexism2022_english-6661,sexist
sexism2022_english-18311,not sexist
sexism2022_english-17852,not sexist
sexism2022_english-11089,not sexist
sexism2022_english-5737,not sexist
sexism2022_english-19405,not sexist
sexism2022_english-15706,not sexist
sexism2022_english-1318,not sexist
sexism2022_english-2465,not sexist
sexism2022_english-12466,not sexist
sexism2022_english-5746,not sexist
sexism2022_english-19588,not sexist
sexism2022_english-14752,not sexist
sexism2022_english-12719,not sexist
sexism2022_english-7060,not sexist
sexism2022_english-16699,not sexist
sexism2022_english-12118,not sexist
sexism2022_english-14,not sexist
sexism2022_english-19360,not sexist
sexism2022_english-7882,sexist
sexism2022_english-9274,not sexist
sexism2022_english-12045,not sexist
sexism2022_english-6420,not sexist
sexism2022_english-8894,sexist
sexism2022_english-653,not sexist
sexism2022_english-3806,not sexist
sexism2022_english-12854,sexist
sexism2022_english-13580,not sexist
sexism2022_english-13938,not sexist
sexism2022_english-11536,not sexist
sexism2022_english-19819,sexist
sexism2022_english-15381,sexist
sexism2022_english-2541,not sexist
sexism2022_english-2826,not sexist
sexism2022_english-4692,not sexist
sexism2022_english-18119,not sexist
sexism2022_english-16858,not sexist
sexism2022_english-4258,not sexist
sexism2022_english-16613,sexist
sexism2022_english-12404,not sexist
sexism2022_english-9553,not sexist
sexism2022_english-11887,not sexist
sexism2022_english-11412,not sexist
sexism2022_english-8944,sexist
sexism2022_english-8493,not sexist
sexism2022_english-5174,not sexist
sexism2022_english-18120,not sexist
sexism2022_english-9301,not sexist
sexism2022_english-19702,not sexist
sexism2022_english-7726,not sexist
sexism2022_english-10793,not sexist
sexism2022_english-10949,not sexist
sexism2022_english-16434,not sexist
sexism2022_english-8321,not sexist
sexism2022_english-11385,not sexist
sexism2022_english-12248,not sexist
sexism2022_english-2533,not sexist
sexism2022_english-13935,not sexist
sexism2022_english-2448,not sexist
sexism2022_english-162,not sexist
sexism2022_english-10932,not sexist
sexism2022_english-18976,not sexist
sexism2022_english-2004,not sexist
sexism2022_english-3494,not sexist
sexism2022_english-9473,sexist
sexism2022_english-13222,not sexist
sexism2022_english-14129,not sexist
sexism2022_english-8823,not sexist
sexism2022_english-13600,sexist
sexism2022_english-4490,sexist
sexism2022_english-7921,not sexist
sexism2022_english-8368,sexist
sexism2022_english-18020,not sexist
sexism2022_english-11519,not sexist
sexism2022_english-12430,not sexist
sexism2022_english-12206,not sexist
sexism2022_english-14749,not sexist
sexism2022_english-2393,not sexist
sexism2022_english-1062,not sexist
sexism2022_english-11983,not sexist
sexism2022_english-17271,not sexist
sexism2022_english-8787,not sexist
sexism2022_english-7929,not sexist
sexism2022_english-14913,not sexist
sexism2022_english-11719,not sexist
sexism2022_english-7147,not sexist
sexism2022_english-1601,not sexist
sexism2022_english-8156,not sexist
sexism2022_english-19152,not sexist
sexism2022_english-2783,not sexist
sexism2022_english-15386,sexist
sexism2022_english-2191,not sexist
sexism2022_english-6728,sexist
sexism2022_english-1185,not sexist
sexism2022_english-14993,not sexist
sexism2022_english-19650,not sexist
sexism2022_english-16486,not sexist
sexism2022_english-3899,sexist
sexism2022_english-4212,not sexist
sexism2022_english-79,not sexist
sexism2022_english-8214,not sexist
sexism2022_english-13674,not sexist
sexism2022_english-11379,not sexist
sexism2022_english-10380,not sexist
sexism2022_english-8134,not sexist
sexism2022_english-7270,not sexist
sexism2022_english-17915,sexist
sexism2022_english-4441,sexist
sexism2022_english-15661,not sexist
sexism2022_english-3115,not sexist
sexism2022_english-9962,not sexist
sexism2022_english-11842,not sexist
sexism2022_english-19001,not sexist
sexism2022_english-15111,not sexist
sexism2022_english-2655,not sexist
sexism2022_english-6040,not sexist
sexism2022_english-5018,not sexist
sexism2022_english-4361,not sexist
sexism2022_english-2290,not sexist
sexism2022_english-769,not sexist
sexism2022_english-18607,not sexist
sexism2022_english-11738,sexist
sexism2022_english-10489,sexist
sexism2022_english-11671,not sexist
sexism2022_english-12786,sexist
sexism2022_english-2812,not sexist
sexism2022_english-19647,sexist
sexism2022_english-4150,not sexist
sexism2022_english-7476,sexist
sexism2022_english-12240,not sexist
sexism2022_english-9609,not sexist
sexism2022_english-16051,not sexist
sexism2022_english-3025,not sexist
sexism2022_english-6912,not sexist
sexism2022_english-18966,not sexist
sexism2022_english-12120,sexist
sexism2022_english-13731,sexist
sexism2022_english-1099,not sexist
sexism2022_english-8760,not sexist
sexism2022_english-4459,not sexist
sexism2022_english-7467,not sexist
sexism2022_english-11989,sexist
sexism2022_english-17720,sexist
sexism2022_english-1305,sexist
sexism2022_english-4015,not sexist
sexism2022_english-9426,not sexist
sexism2022_english-5071,not sexist
sexism2022_english-4996,not sexist
sexism2022_english-18918,not sexist
sexism2022_english-12604,not sexist
sexism2022_english-7289,sexist
sexism2022_english-12127,not sexist
sexism2022_english-164,sexist
sexism2022_english-15577,not sexist
sexism2022_english-865,not sexist
sexism2022_english-18147,not sexist
sexism2022_english-8854,not sexist
sexism2022_english-11349,sexist
sexism2022_english-4164,not sexist
sexism2022_english-799,sexist
sexism2022_english-8293,not sexist
sexism2022_english-2863,not sexist
sexism2022_english-13380,not sexist
sexism2022_english-9930,not sexist
sexism2022_english-3684,not sexist
sexism2022_english-16369,not sexist
sexism2022_english-13357,not sexist
sexism2022_english-2543,not sexist
sexism2022_english-17281,not sexist
sexism2022_english-12353,not sexist
sexism2022_english-6483,not sexist
sexism2022_english-13885,not sexist
sexism2022_english-19940,not sexist
sexism2022_english-14494,not sexist
sexism2022_english-5744,not sexist
sexism2022_english-10144,not sexist
sexism2022_english-3388,sexist
sexism2022_english-19707,not sexist
sexism2022_english-12928,not sexist
sexism2022_english-7954,not sexist
sexism2022_english-14013,not sexist
sexism2022_english-16184,not sexist
sexism2022_english-8975,not sexist
sexism2022_english-16967,sexist
sexism2022_english-6989,sexist
sexism2022_english-16710,not sexist
sexism2022_english-10255,not sexist
sexism2022_english-11673,not sexist
sexism2022_english-17140,not sexist
sexism2022_english-19768,not sexist
sexism2022_english-16492,not sexist
sexism2022_english-18208,not sexist
sexism2022_english-7652,not sexist
sexism2022_english-16838,not sexist
sexism2022_english-6416,not sexist
sexism2022_english-15858,not sexist
sexism2022_english-8773,not sexist
sexism2022_english-19085,not sexist
sexism2022_english-16227,not sexist
sexism2022_english-3168,not sexist
sexism2022_english-19209,not sexist
sexism2022_english-16482,not sexist
sexism2022_english-13401,not sexist
sexism2022_english-3371,sexist
sexism2022_english-13957,not sexist
sexism2022_english-11909,not sexist
sexism2022_english-3999,not sexist
sexism2022_english-13445,not sexist
sexism2022_english-8881,not sexist
sexism2022_english-3097,not sexist
sexism2022_english-4741,sexist
sexism2022_english-12840,not sexist
sexism2022_english-2661,not sexist
sexism2022_english-8876,not sexist
sexism2022_english-5234,not sexist
sexism2022_english-6841,not sexist
sexism2022_english-131,not sexist
sexism2022_english-748,not sexist
sexism2022_english-17267,not sexist
sexism2022_english-10946,not sexist
sexism2022_english-15889,sexist
sexism2022_english-4190,not sexist
sexism2022_english-14832,not sexist
sexism2022_english-19182,not sexist
sexism2022_english-6488,not sexist
sexism2022_english-18182,sexist
sexism2022_english-7300,not sexist
sexism2022_english-10718,not sexist
sexism2022_english-18713,not sexist
sexism2022_english-5372,not sexist
sexism2022_english-8470,not sexist
sexism2022_english-14600,not sexist
sexism2022_english-940,not sexist
sexism2022_english-3221,sexist
sexism2022_english-2125,sexist
sexism2022_english-7994,not sexist
sexism2022_english-826,not sexist
sexism2022_english-17414,not sexist
sexism2022_english-184,not sexist
sexism2022_english-9306,sexist
sexism2022_english-8581,not sexist
sexism2022_english-15895,not sexist
sexism2022_english-9187,not sexist
sexism2022_english-5699,not sexist
sexism2022_english-5471,not sexist
sexism2022_english-11443,not sexist
sexism2022_english-14065,not sexist
sexism2022_english-2616,sexist
sexism2022_english-17047,not sexist
sexism2022_english-16976,not sexist
sexism2022_english-10543,not sexist
sexism2022_english-3982,not sexist
sexism2022_english-4830,not sexist
sexism2022_english-17489,sexist
sexism2022_english-7394,not sexist
sexism2022_english-19749,not sexist
sexism2022_english-15830,sexist
sexism2022_english-3553,not sexist
sexism2022_english-18702,sexist
sexism2022_english-6835,not sexist
sexism2022_english-7856,sexist
sexism2022_english-4378,not sexist
sexism2022_english-12624,not sexist
sexism2022_english-7980,not sexist
sexism2022_english-18421,not sexist
sexism2022_english-3601,not sexist
sexism2022_english-5616,sexist
sexism2022_english-3976,not sexist
sexism2022_english-703,sexist
sexism2022_english-15746,not sexist
sexism2022_english-5989,not sexist
sexism2022_english-5609,not sexist
sexism2022_english-12605,not sexist
sexism2022_english-611,sexist
sexism2022_english-15651,sexist
sexism2022_english-8554,not sexist
sexism2022_english-16675,not sexist
sexism2022_english-45,not sexist
sexism2022_english-12252,not sexist
sexism2022_english-5093,sexist
sexism2022_english-13091,not sexist
sexism2022_english-12808,not sexist
sexism2022_english-8591,not sexist
sexism2022_english-8082,sexist
sexism2022_english-9038,not sexist
sexism2022_english-11316,not sexist
sexism2022_english-11940,not sexist
sexism2022_english-15769,not sexist
sexism2022_english-14989,sexist
sexism2022_english-19782,not sexist
sexism2022_english-4761,not sexist
sexism2022_english-19988,not sexist
sexism2022_english-9316,not sexist
sexism2022_english-10113,not sexist
sexism2022_english-9776,not sexist
sexism2022_english-4205,not sexist
sexism2022_english-19923,not sexist
sexism2022_english-1119,not sexist
sexism2022_english-11945,not sexist
sexism2022_english-4698,not sexist
sexism2022_english-6681,not sexist
sexism2022_english-8360,not sexist
sexism2022_english-17877,not sexist
sexism2022_english-17768,not sexist
sexism2022_english-17072,not sexist
sexism2022_english-16786,not sexist
sexism2022_english-10325,not sexist
sexism2022_english-15932,not sexist
sexism2022_english-10434,not sexist
sexism2022_english-7581,not sexist
sexism2022_english-8592,not sexist
sexism2022_english-8495,not sexist
sexism2022_english-8010,not sexist
sexism2022_english-2546,sexist
sexism2022_english-16865,not sexist
sexism2022_english-13962,sexist
sexism2022_english-1668,sexist
sexism2022_english-8356,sexist
sexism2022_english-17035,not sexist
sexism2022_english-6233,not sexist
sexism2022_english-18337,not sexist
sexism2022_english-17948,not sexist
sexism2022_english-15656,sexist
sexism2022_english-5625,not sexist
sexism2022_english-8730,not sexist
sexism2022_english-14263,not sexist
sexism2022_english-107,sexist
sexism2022_english-12667,sexist
sexism2022_english-9325,not sexist
sexism2022_english-5973,not sexist
sexism2022_english-171,sexist
sexism2022_english-11219,not sexist
sexism2022_english-4186,not sexist
sexism2022_english-9243,not sexist
sexism2022_english-10923,not sexist
sexism2022_english-81,not sexist
sexism2022_english-17408,not sexist
sexism2022_english-16150,sexist
sexism2022_english-15666,not sexist
sexism2022_english-16018,not sexist
sexism2022_english-4029,not sexist
sexism2022_english-11087,not sexist
sexism2022_english-15596,sexist
sexism2022_english-1071,not sexist
sexism2022_english-13328,sexist
sexism2022_english-18680,sexist
sexism2022_english-13275,not sexist
sexism2022_english-10072,not sexist
sexism2022_english-13216,not sexist
sexism2022_english-12142,not sexist
sexism2022_english-10650,sexist
sexism2022_english-7662,not sexist
sexism2022_english-15303,not sexist
sexism2022_english-238,not sexist
sexism2022_english-16671,sexist
sexism2022_english-8022,sexist
sexism2022_english-676,not sexist
sexism2022_english-15301,not sexist
sexism2022_english-10539,not sexist
sexism2022_english-14387,sexist
sexism2022_english-17444,not sexist
sexism2022_english-5567,not sexist
sexism2022_english-8579,not sexist
sexism2022_english-5227,not sexist
sexism2022_english-9733,not sexist
sexism2022_english-10373,not sexist
sexism2022_english-7177,not sexist
sexism2022_english-3640,not sexist
sexism2022_english-11106,sexist
sexism2022_english-6407,not sexist
sexism2022_english-12234,not sexist
sexism2022_english-2902,not sexist
sexism2022_english-9746,not sexist
sexism2022_english-757,not sexist
sexism2022_english-18929,not sexist
sexism2022_english-19309,not sexist
sexism2022_english-10837,not sexist
sexism2022_english-16203,not sexist
sexism2022_english-9383,sexist
sexism2022_english-302,not sexist
sexism2022_english-2419,not sexist
sexism2022_english-563,not sexist
sexism2022_english-8169,sexist
sexism2022_english-9646,not sexist
sexism2022_english-19060,not sexist
sexism2022_english-19318,sexist
sexism2022_english-8167,not sexist
sexism2022_english-5833,not sexist
sexism2022_english-15209,not sexist
sexism2022_english-14662,not sexist
sexism2022_english-15903,not sexist
sexism2022_english-17416,sexist
sexism2022_english-9433,not sexist
sexism2022_english-12916,not sexist
sexism2022_english-14422,not sexist
sexism2022_english-10726,not sexist
sexism2022_english-11624,not sexist
sexism2022_english-17197,not sexist
sexism2022_english-14636,not sexist
sexism2022_english-5378,sexist
sexism2022_english-5822,not sexist
sexism2022_english-15929,not sexist
sexism2022_english-19417,sexist
sexism2022_english-1223,not sexist
sexism2022_english-11622,sexist
sexism2022_english-18693,not sexist
sexism2022_english-18588,sexist
sexism2022_english-8164,not sexist
sexism2022_english-2756,sexist
sexism2022_english-5475,not sexist
sexism2022_english-1750,not sexist
sexism2022_english-19640,not sexist
sexism2022_english-6719,not sexist
sexism2022_english-6951,not sexist
sexism2022_english-13701,sexist
sexism2022_english-11699,not sexist
sexism2022_english-5360,not sexist
sexism2022_english-7297,not sexist
sexism2022_english-7532,not sexist
sexism2022_english-17559,not sexist
sexism2022_english-5974,not sexist
sexism2022_english-10408,not sexist
sexism2022_english-5466,not sexist
sexism2022_english-17547,not sexist
sexism2022_english-11259,not sexist
sexism2022_english-606,not sexist
sexism2022_english-13016,sexist
sexism2022_english-17228,sexist
sexism2022_english-5013,not sexist
sexism2022_english-14172,not sexist
sexism2022_english-16521,not sexist
sexism2022_english-3342,not sexist
sexism2022_english-14012,not sexist
sexism2022_english-16038,not sexist
sexism2022_english-13115,not sexist
sexism2022_english-412,not sexist
sexism2022_english-351,not sexist
sexism2022_english-14294,not sexist
sexism2022_english-14706,not sexist
sexism2022_english-17746,sexist
sexism2022_english-15207,not sexist
sexism2022_english-10515,not sexist
sexism2022_english-8546,not sexist
sexism2022_english-2230,not sexist
sexism2022_english-17894,not sexist
sexism2022_english-11410,not sexist
sexism2022_english-12398,not sexist
sexism2022_english-17667,not sexist
sexism2022_english-16923,not sexist
sexism2022_english-4858,not sexist
sexism2022_english-9697,not sexist
sexism2022_english-15588,not sexist
sexism2022_english-1265,not sexist
sexism2022_english-15079,not sexist
sexism2022_english-16252,not sexist
sexism2022_english-2170,sexist
sexism2022_english-9760,not sexist
sexism2022_english-17693,not sexist
sexism2022_english-2810,not sexist
sexism2022_english-9831,sexist
sexism2022_english-4606,not sexist
sexism2022_english-13567,not sexist
sexism2022_english-14392,not sexist
sexism2022_english-6136,not sexist
sexism2022_english-17296,not sexist
sexism2022_english-233,not sexist
sexism2022_english-14917,not sexist
sexism2022_english-10711,not sexist
sexism2022_english-16637,not sexist
sexism2022_english-475,not sexist
sexism2022_english-15658,not sexist
sexism2022_english-13981,not sexist
sexism2022_english-9636,not sexist
sexism2022_english-11139,not sexist
sexism2022_english-16641,sexist
sexism2022_english-8182,sexist
sexism2022_english-11175,not sexist
sexism2022_english-9877,not sexist
sexism2022_english-8292,not sexist
sexism2022_english-9455,not sexist
sexism2022_english-15295,not sexist
sexism2022_english-5563,sexist
sexism2022_english-11335,not sexist
sexism2022_english-9783,not sexist
sexism2022_english-4740,not sexist
sexism2022_english-18786,not sexist
sexism2022_english-19624,not sexist
sexism2022_english-4947,sexist
sexism2022_english-9886,not sexist
sexism2022_english-14786,not sexist
sexism2022_english-5727,not sexist
sexism2022_english-69,not sexist
sexism2022_english-7135,not sexist
sexism2022_english-10282,not sexist
sexism2022_english-14927,not sexist
sexism2022_english-15750,not sexist
sexism2022_english-19677,sexist
sexism2022_english-14088,not sexist
sexism2022_english-6590,sexist
sexism2022_english-5980,not sexist
sexism2022_english-19178,not sexist
sexism2022_english-2971,not sexist
sexism2022_english-10665,sexist
sexism2022_english-1053,sexist
sexism2022_english-2815,not sexist
sexism2022_english-8839,not sexist
sexism2022_english-13211,not sexist
sexism2022_english-12282,not sexist
sexism2022_english-13906,not sexist
sexism2022_english-18941,not sexist
sexism2022_english-18591,sexist
sexism2022_english-37,sexist
sexism2022_english-3894,sexist
sexism2022_english-19531,not sexist
sexism2022_english-381,not sexist
sexism2022_english-6715,not sexist
sexism2022_english-8013,not sexist
sexism2022_english-1443,not sexist
sexism2022_english-6562,sexist
sexism2022_english-13409,not sexist
sexism2022_english-6873,not sexist
sexism2022_english-2679,not sexist
sexism2022_english-2584,not sexist
sexism2022_english-18084,not sexist
sexism2022_english-19213,sexist
sexism2022_english-10872,not sexist
sexism2022_english-7949,not sexist
sexism2022_english-3516,not sexist
sexism2022_english-6595,not sexist
sexism2022_english-18751,not sexist
sexism2022_english-4197,not sexist
sexism2022_english-832,not sexist
sexism2022_english-2701,not sexist
sexism2022_english-1340,sexist
sexism2022_english-1124,not sexist
sexism2022_english-13507,not sexist
sexism2022_english-16086,not sexist
sexism2022_english-7020,not sexist
sexism2022_english-3505,not sexist
sexism2022_english-16447,sexist
sexism2022_english-15384,not sexist
sexism2022_english-1786,not sexist
sexism2022_english-1950,sexist
sexism2022_english-13734,not sexist
sexism2022_english-16010,sexist
sexism2022_english-9320,sexist
sexism2022_english-17251,not sexist
sexism2022_english-14726,not sexist
sexism2022_english-8502,not sexist
sexism2022_english-14200,not sexist
sexism2022_english-273,sexist
sexism2022_english-3720,sexist
sexism2022_english-17061,not sexist
sexism2022_english-19401,sexist
sexism2022_english-9638,not sexist
sexism2022_english-12111,not sexist
sexism2022_english-6631,not sexist
sexism2022_english-95,not sexist
sexism2022_english-5266,not sexist
sexism2022_english-14818,not sexist
sexism2022_english-3284,not sexist
sexism2022_english-6306,not sexist
sexism2022_english-9963,not sexist
sexism2022_english-4762,not sexist
sexism2022_english-4180,not sexist
sexism2022_english-16995,not sexist
sexism2022_english-1846,sexist
sexism2022_english-11899,not sexist
sexism2022_english-14951,not sexist
sexism2022_english-12865,not sexist
sexism2022_english-3042,not sexist
sexism2022_english-3811,not sexist
sexism2022_english-6084,not sexist
sexism2022_english-13861,not sexist
sexism2022_english-6864,sexist
sexism2022_english-17934,not sexist
sexism2022_english-4138,sexist
sexism2022_english-18351,not sexist
